{
  "cosine_0.0": {
    "classifications": {
      "tp": 5000,
      "tn": 0,
      "fp": 5000,
      "fn": 0
    },
    "tpr": 1.0,
    "tnr": 0.0,
    "precision": 0.5,
    "recall": 0.0,
    "f1_score": 0.6667,
    "g-mean": 0.0,
    "acc": 0.5,
    "ba_acc": 0.5,
    "auc_prc": 0.75
  },
  "cosine_0.1": {
    "classifications": {
      "tp": 5000,
      "tn": 0,
      "fp": 5000,
      "fn": 0
    },
    "tpr": 1.0,
    "tnr": 0.0,
    "precision": 0.5,
    "recall": 0.0,
    "f1_score": 0.6667,
    "g-mean": 0.0,
    "acc": 0.5,
    "ba_acc": 0.5,
    "auc_prc": 0.75
  },
  "cosine_0.2": {
    "classifications": {
      "tp": 5000,
      "tn": 30,
      "fp": 4970,
      "fn": 0
    },
    "tpr": 1.0,
    "tnr": 0.006,
    "precision": 0.5015,
    "recall": 0.006,
    "f1_score": 0.668,
    "g-mean": 0.07745966692414834,
    "acc": 0.503,
    "ba_acc": 0.503,
    "auc_prc": 0.7508
  },
  "cosine_0.3": {
    "classifications": {
      "tp": 4999,
      "tn": 382,
      "fp": 4618,
      "fn": 1
    },
    "tpr": 0.9998,
    "tnr": 0.0764,
    "precision": 0.5198,
    "recall": 0.0764,
    "f1_score": 0.684,
    "g-mean": 0.27637785728961717,
    "acc": 0.5381,
    "ba_acc": 0.5381,
    "auc_prc": 0.7599
  },
  "cosine_0.4": {
    "classifications": {
      "tp": 4974,
      "tn": 1069,
      "fp": 3931,
      "fn": 26
    },
    "tpr": 0.9948,
    "tnr": 0.2138,
    "precision": 0.5586,
    "recall": 0.2138,
    "f1_score": 0.7154,
    "g-mean": 0.4611813526152158,
    "acc": 0.6043,
    "ba_acc": 0.6043,
    "auc_prc": 0.778
  },
  "cosine_0.5": {
    "classifications": {
      "tp": 4793,
      "tn": 2612,
      "fp": 2388,
      "fn": 207
    },
    "tpr": 0.9586,
    "tnr": 0.5224,
    "precision": 0.6675,
    "recall": 0.5224,
    "f1_score": 0.787,
    "g-mean": 0.7076529092712048,
    "acc": 0.7405,
    "ba_acc": 0.7405,
    "auc_prc": 0.8234
  },
  "cosine_0.55": {
    "classifications": {
      "tp": 4573,
      "tn": 3521,
      "fp": 1479,
      "fn": 427
    },
    "tpr": 0.9146,
    "tnr": 0.7042,
    "precision": 0.7556,
    "recall": 0.7042,
    "f1_score": 0.8275,
    "g-mean": 0.8025343107930029,
    "acc": 0.8094,
    "ba_acc": 0.8094,
    "auc_prc": 0.8565
  },
  "cosine_0.56": {
    "classifications": {
      "tp": 4528,
      "tn": 3686,
      "fp": 1314,
      "fn": 472
    },
    "tpr": 0.9056,
    "tnr": 0.7372,
    "precision": 0.7751,
    "recall": 0.7372,
    "f1_score": 0.8353,
    "g-mean": 0.8170730199927054,
    "acc": 0.8214,
    "ba_acc": 0.8214,
    "auc_prc": 0.8639
  },
  "cosine_0.57": {
    "classifications": {
      "tp": 4477,
      "tn": 3839,
      "fp": 1161,
      "fn": 523
    },
    "tpr": 0.8954,
    "tnr": 0.7678,
    "precision": 0.7941,
    "recall": 0.7678,
    "f1_score": 0.8417,
    "g-mean": 0.8291490336483545,
    "acc": 0.8316,
    "ba_acc": 0.8316,
    "auc_prc": 0.8709
  },
  "cosine_0.58": {
    "classifications": {
      "tp": 4428,
      "tn": 3990,
      "fp": 1010,
      "fn": 572
    },
    "tpr": 0.8856,
    "tnr": 0.798,
    "precision": 0.8143,
    "recall": 0.798,
    "f1_score": 0.8484,
    "g-mean": 0.8406597409178104,
    "acc": 0.8418,
    "ba_acc": 0.8418,
    "auc_prc": 0.8785
  },
  "cosine_0.59": {
    "classifications": {
      "tp": 4360,
      "tn": 4126,
      "fp": 874,
      "fn": 640
    },
    "tpr": 0.872,
    "tnr": 0.8252,
    "precision": 0.833,
    "recall": 0.8252,
    "f1_score": 0.8521,
    "g-mean": 0.8482773131470628,
    "acc": 0.8486,
    "ba_acc": 0.8486,
    "auc_prc": 0.8845
  },
  "cosine_0.6": {
    "classifications": {
      "tp": 4288,
      "tn": 4246,
      "fp": 754,
      "fn": 712
    },
    "tpr": 0.8576,
    "tnr": 0.8492,
    "precision": 0.8505,
    "recall": 0.8492,
    "f1_score": 0.854,
    "g-mean": 0.8533896648073493,
    "acc": 0.8534,
    "ba_acc": 0.8534,
    "auc_prc": 0.8896
  },
  "cosine_0.61": {
    "classifications": {
      "tp": 4205,
      "tn": 4355,
      "fp": 645,
      "fn": 795
    },
    "tpr": 0.841,
    "tnr": 0.871,
    "precision": 0.867,
    "recall": 0.871,
    "f1_score": 0.8538,
    "g-mean": 0.855868564675675,
    "acc": 0.856,
    "ba_acc": 0.856,
    "auc_prc": 0.8938
  },
  "cosine_0.62": {
    "classifications": {
      "tp": 4133,
      "tn": 4468,
      "fp": 532,
      "fn": 867
    },
    "tpr": 0.8266,
    "tnr": 0.8936,
    "precision": 0.886,
    "recall": 0.8936,
    "f1_score": 0.8553,
    "g-mean": 0.8594473573174799,
    "acc": 0.8601,
    "ba_acc": 0.8601,
    "auc_prc": 0.8996
  },
  "cosine_0.63": {
    "classifications": {
      "tp": 4060,
      "tn": 4558,
      "fp": 442,
      "fn": 940
    },
    "tpr": 0.812,
    "tnr": 0.9116,
    "precision": 0.9018,
    "recall": 0.9116,
    "f1_score": 0.8546,
    "g-mean": 0.8603599246826877,
    "acc": 0.8618,
    "ba_acc": 0.8618,
    "auc_prc": 0.9039
  },
  "cosine_0.64": {
    "classifications": {
      "tp": 3983,
      "tn": 4632,
      "fp": 368,
      "fn": 1017
    },
    "tpr": 0.7966,
    "tnr": 0.9264,
    "precision": 0.9154,
    "recall": 0.9264,
    "f1_score": 0.8519,
    "g-mean": 0.8590519425506237,
    "acc": 0.8615,
    "ba_acc": 0.8615,
    "auc_prc": 0.9069
  },
  "cosine_0.65": {
    "classifications": {
      "tp": 3899,
      "tn": 4699,
      "fp": 301,
      "fn": 1101
    },
    "tpr": 0.7798,
    "tnr": 0.9398,
    "precision": 0.9283,
    "recall": 0.9398,
    "f1_score": 0.8476,
    "g-mean": 0.8560701139509544,
    "acc": 0.8598,
    "ba_acc": 0.8598,
    "auc_prc": 0.9091
  },
  "cosine_0.7": {
    "classifications": {
      "tp": 3471,
      "tn": 4926,
      "fp": 74,
      "fn": 1529
    },
    "tpr": 0.6942,
    "tnr": 0.9852,
    "precision": 0.9791,
    "recall": 0.9852,
    "f1_score": 0.8124,
    "g-mean": 0.8269980894778416,
    "acc": 0.8397,
    "ba_acc": 0.8397,
    "auc_prc": 0.9131
  },
  "cosine_0.8": {
    "classifications": {
      "tp": 2537,
      "tn": 4999,
      "fp": 1,
      "fn": 2463
    },
    "tpr": 0.5074,
    "tnr": 0.9998,
    "precision": 0.9996,
    "recall": 0.9998,
    "f1_score": 0.6731,
    "g-mean": 0.712248917163094,
    "acc": 0.7536,
    "ba_acc": 0.7536,
    "auc_prc": 0.8767
  },
  "cosine_0.9": {
    "classifications": {
      "tp": 1709,
      "tn": 5000,
      "fp": 0,
      "fn": 3291
    },
    "tpr": 0.3418,
    "tnr": 1.0,
    "precision": 1.0,
    "recall": 1.0,
    "f1_score": 0.5095,
    "g-mean": 0.5846366392897386,
    "acc": 0.6709,
    "ba_acc": 0.6709,
    "auc_prc": 0.8355
  },
  "cosine_1.0": {
    "classifications": {
      "tp": 198,
      "tn": 5000,
      "fp": 0,
      "fn": 4802
    },
    "tpr": 0.0396,
    "tnr": 1.0,
    "precision": 1.0,
    "recall": 1.0,
    "f1_score": 0.0762,
    "g-mean": 0.198997487421324,
    "acc": 0.5198,
    "ba_acc": 0.5198,
    "auc_prc": 0.7599
  },
  "euclidean_0.0": {
    "classifications": {
      "tp": 255,
      "tn": 5000,
      "fp": 0,
      "fn": 4745
    },
    "tpr": 0.051,
    "tnr": 1.0,
    "precision": 1.0,
    "recall": 1.0,
    "f1_score": 0.0971,
    "g-mean": 0.22583179581272428,
    "acc": 0.5255,
    "ba_acc": 0.5255,
    "auc_prc": 0.7628
  },
  "euclidean_0.1": {
    "classifications": {
      "tp": 616,
      "tn": 5000,
      "fp": 0,
      "fn": 4384
    },
    "tpr": 0.1232,
    "tnr": 1.0,
    "precision": 1.0,
    "recall": 1.0,
    "f1_score": 0.2194,
    "g-mean": 0.35099857549568486,
    "acc": 0.5616,
    "ba_acc": 0.5616,
    "auc_prc": 0.7808
  },
  "euclidean_0.2": {
    "classifications": {
      "tp": 907,
      "tn": 5000,
      "fp": 0,
      "fn": 4093
    },
    "tpr": 0.1814,
    "tnr": 1.0,
    "precision": 1.0,
    "recall": 1.0,
    "f1_score": 0.3071,
    "g-mean": 0.4259107887809371,
    "acc": 0.5907,
    "ba_acc": 0.5907,
    "auc_prc": 0.7954
  },
  "euclidean_0.3": {
    "classifications": {
      "tp": 1201,
      "tn": 5000,
      "fp": 0,
      "fn": 3799
    },
    "tpr": 0.2402,
    "tnr": 1.0,
    "precision": 1.0,
    "recall": 1.0,